<?xml version="1.0" encoding="UTF-8"?>
<beans xmlns="http://www.springframework.org/schema/beans"
       xmlns:xsi="http://www.w3.org/2001/XMLSchema-instance"
       xmlns:mvc="http://www.springframework.org/schema/mvc"
       xmlns:context="http://www.springframework.org/schema/context"
       xmlns:tx="http://www.springframework.org/schema/tx"
       xmlns:beans="http://www.springframework.org/schema/util"
       xsi:schemaLocation="http://www.springframework.org/schema/beans
       http://www.springframework.org/schema/beans/spring-beans-4.2.xsd
       http://www.springframework.org/schema/mvc
       http://www.springframework.org/schema/mvc/spring-mvc-3.1.xsd
       http://www.springframework.org/schema/context
       http://www.springframework.org/schema/context/spring-context.xsd
       http://www.springframework.org/schema/tx
       http://www.springframework.org/schema/tx/spring-tx.xsd
       http://www.springframework.org/schema/util
       http://www.springframework.org/schema/util/spring-util.xsd">

    <context:component-scan base-package="ru.juniortest"/>
    <mvc:annotation-driven/>

    <!--<resources mapping="/resources/**" location="/resources/" />-->
    <mvc:resources mapping="/resources/**" location="/resources/"/>

    <bean class="org.springframework.web.servlet.view.InternalResourceViewResolver">
        <property name="prefix" value="/WEB-INF/views/" />
        <property name="suffix" value=".jsp" />
    </bean>

    <!--Database Information-->
    <bean id="dataSource" class="org.apache.commons.dbcp.BasicDataSource"
          destroy-method="close">
        <property name="driverClassName" value="com.mysql.jdbc.Driver"/>
        <property name="url"
                  value="jdbc:mysql://localhost:3306/juntest"/>
        <property name="username" value="root"/>
        <property name="password" value="123456"/>
    </bean>

    <!-- Hibernate 4 SessionFactory Bean definition -->
    <bean id="hibernate4AnnotatedSessionFactory"
          class="org.springframework.orm.hibernate4.LocalSessionFactoryBean">
        <property name="dataSource" ref="dataSource"/>
        <property name="packagesToScan" value="ru.juniortest.model"/>
        <property name="annotatedClasses">
            <list>
                <value>ru.juniortest.model.Employee</value>
                <value>ru.juniortest.model.Department</value>
            </list>
        </property>
        <property name="hibernateProperties">
            <props>
                <prop key="hibernate.dialect">org.hibernate.dialect.MySQLDialect</prop>
                <prop key="hibernate.show_sql">true</prop>
            </props>
        </property>
    </bean>

    <tx:annotation-driven transaction-manager="transactionManager"/>
    <bean id="transactionManager" class="org.springframework.orm.hibernate4.HibernateTransactionManager">
        <property name="sessionFactory" ref="hibernate4AnnotatedSessionFactory"/>
    </bean>

    <!--Department beans-->
    <bean id="departmentDao" class="ru.juniortest.dao.impl.DepartmentDaoImpl">
        <property name="sessionFactory" ref="hibernate4AnnotatedSessionFactory"/>
    </bean>

    <bean id="departmentService" class="ru.juniortest.service.DepartmentServiceImpl">
        <property name="departmentDao" ref="departmentDao"/>
    </bean>

    <!--Employee beans-->
    <bean id="employeeDao" class="ru.juniortest.dao.impl.EmployeeDaoImpl">
        <property name="sessionFactory" ref="hibernate4AnnotatedSessionFactory"/>
    </bean>

    <bean id="employeeService" class="ru.juniortest.service.EmployeeServiceImpl">
        <property name="employeeDao" ref="employeeDao"/>
    </bean>

</beans>